replicate,MIC_WT
R12,4.724172098463487
R13,4.570834237589253
R15,5.8933385774985
R16,4.909100840299164
